{
  "basic_oov_val": 0.019250253292806486,
  "basic_oov_test": 0.019569471624266144,
  "subword_oov_val": 0.006641366223908918,
  "subword_oov_test": 0.010242085661080074
}